{"cameraMode":{"drawMode":0,"name":"Shaded","section":"Shading Mode"},"sceneLighting":true,"audioPlay":false,"sceneViewState":{"m_AlwaysRefresh":false,"showFog":true,"showSkybox":true,"showFlares":true,"showImageEffects":true,"showParticleSystems":true,"showVisualEffectGraphs":true,"m_FxEnabled":true},"in2DMode":false,"pivot":{"x":25.486452102661134,"y":-10.522231101989746,"z":42.55872344970703},"rotation":{"x":0.12602190673351289,"y":0.2715885043144226,"z":-0.03590099513530731,"w":0.9534860849380493},"size":26.34779167175293,"orthographic":false}